<?xml version="1.0" encoding="UTF-8"?>

<translation>
	<expression exp="curriculum vitae">
		<tr lang="en">Curriculum Vitae</tr>
		<tr lang="sk">Životopis</tr>
		<tr lang="cz">Životopis</tr>
	</expression>
	<expression exp="address">
		<tr lang="en">Address</tr>
		<tr lang="sk">Adresa</tr>
		<tr lang="cz">Adresa</tr>
	</expression>
	<expression exp="birthday">
		<tr lang="en">Birthday</tr>
		<tr lang="sk">Narodeniny</tr>
		<tr lang="cz">Narozeniny</tr>
	</expression>
	<expression exp="education">
		<tr lang="en">Education</tr>
		<tr lang="sk">Vzdelanie</tr>
		<tr lang="cz">Vzdělání</tr>
	</expression>
	<expression exp="highest_education">
		<tr lang="en">Highest education</tr>
		<tr lang="sk">Dosiahnuté vzdelanie</tr>
		<tr lang="cz">Dosaženo vzdělání</tr>
	</expression>
	<expression exp="specialization">
		<tr lang="en">Field of study</tr>
		<tr lang="sk">Odbor</tr>
		<tr lang="cz">Odbor</tr>
	</expression>
	<expression exp="work">
		<tr lang="en">Work experience</tr>
		<tr lang="sk">Pracovné skúsenosti</tr>
		<tr lang="cz">Pracovní zkušenosti</tr>
	</expression>
	<expression exp="position">
		<tr lang="en">Position</tr>
		<tr lang="sk">Pracovná pozícia</tr>
		<tr lang="cz">Pracovní pozice</tr>
	</expression>
	<expression exp="languages">
		<tr lang="en">Language skills</tr>
		<tr lang="sk">Jazykové znalosti</tr>
		<tr lang="cz">Jazykové znalosti</tr>
	</expression>
	<expression exp="skills">
		<tr lang="en">Other skills</tr>
		<tr lang="sk">Ostatné znalosti</tr>
		<tr lang="cz">Ostatní znalosti</tr>
	</expression>
	<expression exp="zakladne vzdelanie">
		<tr lang="en">Primary</tr>
		<tr lang="sk">Základné</tr>
		<tr lang="cz">Základní</tr>
	</expression>
	<expression exp="student strednej skoly">
		<tr lang="en">High school student</tr>
		<tr lang="sk">Študent strednej školy</tr>
		<tr lang="cz">Student střední školy</tr>
	</expression>
	<expression exp="stredoskolske s maturitou">
		<tr lang="en">High school with diploma</tr>
		<tr lang="sk">Stredoškolské s maturitou</tr>
		<tr lang="cz">Středoškolské s maturitou</tr>
	</expression>
	<expression exp="stredoskolske bez maturity">
		<tr lang="en">High school without diploma</tr>
		<tr lang="sk">Stredoškolské bez maturity</tr>
		<tr lang="cz">Středoškolské bez maturity</tr>
	</expression>
	<expression exp="nadstavbove/vysie odborne vzdelanie">
		<tr lang="en">Follow-up/Higher</tr>
		<tr lang="sk">Nadstavbové/Vyššie odborné</tr>
		<tr lang="cz">Nadstavbové/Vyšší odborné</tr>
	</expression>
	<expression exp="student vysokej skoly">
		<tr lang="en">University student</tr>
		<tr lang="sk">Študent vysokej školy</tr>
		<tr lang="cz">Student vysoké školy</tr>
	</expression>
	<expression exp="vysokoskolske I. stupna">
		<tr lang="en">Bachelor's degree</tr>
		<tr lang="sk">Vysokoškolské 1. stupňa</tr>
		<tr lang="cz">Vysokoškolské 1. stupně</tr>
	</expression>
	<expression exp="vysokoskolske II. stupna">
		<tr lang="en">Master's degree</tr>
		<tr lang="sk">Vysokoškolské 2. stupňa</tr>
		<tr lang="cz">Vysokoškolské 2. stupně</tr>
	</expression>
	<expression exp="vysokoskolske III. stupna">
		<tr lang="en">Postgraduate</tr>
		<tr lang="sk">Postgraduálne</tr>
		<tr lang="cz">Postgraduální</tr>
	</expression>
	<expression exp="Cesko">
		<tr lang="en">Czech republic</tr>
		<tr lang="sk">Česká repoblika</tr>
		<tr lang="cz">Česká repoblika</tr>
	</expression>
	<expression exp="Slovensko">
		<tr lang="en">Slovakia</tr>
		<tr lang="sk">Slovenská republika</tr>
		<tr lang="cz">Slovensko</tr>
	</expression>
	<expression exp="high">
		<tr lang="en">High school</tr>
		<tr lang="sk">Stredná škola</tr>
		<tr lang="cz">Střední škola</tr>
	</expression>
	<expression exp="univ">
		<tr lang="en">University</tr>
		<tr lang="sk">Vysoká škola</tr>
		<tr lang="cz">Vysoká škola</tr>
	</expression>
	<expression exp="home">
		<tr lang="en">Home number</tr>
		<tr lang="sk">Telefón</tr>
		<tr lang="cz">Telefon</tr>
	</expression>
	<expression exp="mobile">
		<tr lang="en">Cell phone</tr>
		<tr lang="sk">Mobil</tr>
		<tr lang="cz">Mobil</tr>
	</expression>
	<expression exp="email">
		<tr lang="en">E-mail</tr>
		<tr lang="sk">E-mail</tr>
		<tr lang="cz">E-mail</tr>
	</expression>

	<!--
	<expression exp="">
		<tr lang="en"></tr>
		<tr lang="sk"></tr>
		<tr lang="cz"></tr>
	</expression>-->

</translation>
