<?xml version="1.0" encoding="utf-8"?>
<cv user="" created="" modified="" lang="en">
	<personalInfo>
		<name>
			<title>Bc.</title>  <!-- voluntary -->
			<first>Matus</first>
			<last>Kralik</last>
			<!--<title position="after">csc.</title>-->
		</name>
		<sex>male</sex>	<!-- male/female -->
		<birthday>
			<day>29</day>
			<month>12</month>
			<year>1992</year>
		</birthday>
		<address>
			<street>Slobody 23</street>
			<city>Kosice</city>
			<country>Slovensko</country> <!-- kurva bigga enumerator vol. 2 -->
			<zip>04011</zip>
		</address>
		<contact type="mobile"></contact> <!-- lubovolne vela, atribut enumerator -->
		<contact type="home"></contact>
		<contact type="email"></contact>
	</personalInfo>

	<education highest="vysokoskolske I. stupna">
		<school type="univ"> <!-- enumerator -->
			<name>Masarykova univezrita, Brno</name>
			<specialization>PDS</specialization>
			<start>
				2011</start>
			<end>2012
			</end>
		</school>
	</education>
	<jobs>
		<work>
			<start> <!-- povinny je iba rok -->
				2011
			</start>
			<end>
				2012
			</end>
			<employer>Kybernetika</employer>
			<position>C++ programator</position>
		</work>
	</jobs>
	<language level="excellent">EN</language>

	<skill>C/C++</skill>
</cv>
