<?xml version="1.0" encoding="UTF-8" standalone="no"?><cv created="Sun Jun 02 22:07:34 CEST 2013" lang="cz" modified="Sun Jun 02 23:57:06 CEST 2013" user="zajac">
	<personalInfo>
		<name>
			<first>Matus</first>
			<last>Kralik</last>
		<title position="before">ing</title></name>
		<sex>male</sex>
		<birthday>
			<day>29</day>
			<month>12</month>
			<year>1992</year>
		</birthday>
		<address>
			<street>Slobody 23</street>
			<city>Brno</city>
			<country>Slovensko</country>
			<zip>060 20</zip>
		</address>
		<contact type="home">721860479</contact>
		<contact type="mobile">0910906562</contact>
		<contact type="email">zajac@zajac.sk</contact>
	</personalInfo>
	<education highest="student vysokej skoly">
		<school type="high">
			<start>2003</start>
			<end>2011</end>
			<name>Dneperska</name>
			<city>Kosice</city>
			<specialization>prg</specialization>
		</school>
		<school type="univ">
			<start>2011</start>
			<name>Fakulta Informatiky, MU</name>
			<city>Brno</city>
			<specialization>PDS</specialization>
		<end>2015</end></school>
	<school type="univ"><start>2030</start><end>2020</end><name>Univerzita</name><city>Niekde daleko</city><specialization>Spickova</specialization></school></education>
	<jobs>
		<work>
			<start>2012</start>
			<end>2013</end>
			<employer>UVT</employer>
			<position>C/C++ programator</position>
		</work>
	<work><start>2011</start><end>2013</end><employer>Kybernetika, s.r.o</employer><position>C++ programator</position></work></jobs>
	
	
	
	
<language level="vyborny">Anglictina</language><language level="zaklady">Nemcina</language><skill>C/C++</skill><skill>Unix</skill></cv>