<?xml version="1.0" encoding="UTF-8" standalone="no"?><cv created="Sat Jun 01 16:07:20 CEST 2013" lang="en" modified="Sun Jun 02 15:05:46 CEST 2013" user="aaa"><personalInfo><name><title position="before">Ing.</title><title position="after">CsC.</title><first>Martin</first><last>Otahal</last></name><sex>male</sex><birthday><day>10</day><month>10</month><year>1970</year></birthday><address><street>Street</street><city>City</city><country>Slovensko</country><zip>98746</zip></address><contact type="email">aaa</contact><contact type="mobile">987654321</contact><contact type="home">123456789</contact></personalInfo><education highest="student vysokej skoly"><school type="high"><name>Skola</name><city>Mesto</city><specialization>ziadna</specialization><start>2007</start><end>2011</end></school><school type="univ"><name>FI MUNI</name><city>Brno</city><specialization>uvidime este</specialization><start>2011</start><end>2016</end></school><school type="high"><start>2000</start><end>2000</end><name>asd,asd,asd</name><city>asd</city></school></education><jobs><work><start>2000</start><end>2013</end><employer>nikto</employer><position>nic</position></work><work><start>2000</start><end>2010</end><employer>jyh</employer><position>qwertyuiop</position></work><work><start>2000</start><employer>asd</employer><position>qasd</position><end>2010</end></work></jobs><language level="C1">AJ</language><language level="C2">NJ</language><skill>sk1</skill><skill>sk2</skill><skill>sk4</skill></cv>