<?xml version="1.0" encoding="UTF-8" standalone="no"?><cv created="Tue May 28 23:37:53 CEST 2013" lang="en" modified="Tue May 28 23:37:53 CEST 2013" user="zajac"><personalInfo><name><first>A</first><last>A</last></name><sex>female</sex><birthday><day>1</day><month>1</month><year>2000</year></birthday><address><street>A 5</street><city>A</city><country>Slovensko</country><zip>43895</zip></address><contact type="email"/></personalInfo><education highest="stredoskolske s maturitou"><school type="high"><name>A, A</name><specialization>A</specialization><start>2010</start></school></education></cv>