<?xml version="1.0" encoding="UTF-8" standalone="no"?><cv created="Tue May 28 23:36:21 CEST 2013" lang="sk" modified="Sun Jun 02 22:00:49 CEST 2013" user="zajac"><personalInfo><name><first>A</first><last>A</last><title position="before">dshvdh</title></name><sex>female</sex><birthday><day>1</day><month>1</month><year>2000</year></birthday><address><street>A 5</street><city>A</city><country>Slovensko</country><zip>43895</zip></address><contact type="email"/><contact type="mobile">60289459</contact><contact type="home">60289459</contact></personalInfo><education highest="stredoskolske s maturitou"/></cv>